arka102@gmail.com|100001|arka123|Arka Pall|dummybook,20039,20035,20037
sabbir69@gmail.com|100002|sabbir123|Sabbir Hossen|dummybook,20037,20001
sadik@gmail.com|100003|sadik123|sadik|dummybook,20005,20006,20011
wahid@gmail.com|100004|wahid123|wahid|dummybook,20011
sanda12@gmail.com|100005|sanda123|sanda pritom|dummybook,20025

nafis@gmail.com|100006|nafis123|nafis|dummybook

johan@gmail.com|100007|johan123|Johan|dummybook